Plate Name,Payment Method,Plate Barcode,Sales Order #,Reference #,Well Position,Sequence Name,Sequence,Manufacturing ID,Measured Molecular Weight,Calculated Molecular Weight,OD260,nmoles,µg,Measured Concentration µM ,Final Volume µL ,Extinction Coefficient L/(mole·cm),Tm,Well Barcode
Plate1,P0112072,8434211,10377773,121191242,A01,806rcbc0,TCC CTT GTC TCC CCG GAC TAC HVG GGT WTC TAA T,172391768,10322.3,10311,10.08,33.02,340,100.06,330,305310.87354,66.19,
Plate1,P0112072,8434211,10377773,121191243,A02,806rcbc1,ACG AGA CTG ATT CCG GAC TAC HVG GGT WTC TAA T,172391769,10467.3,10457,9.68,29.15,305,99.83,292,332210.87354,63.51,
Plate1,P0112072,8434211,10377773,121191244,A03,806rcbc2,GCT GTA CGG ATT CCG GAC TAC HVG GGT WTC TAA T,172391770,10475.5,10464,11.31,34.82,364,100.06,348,324910.87354,64.14,
Plate1,P0112072,8434211,10377773,121191245,A04,806rcbc3,ATC ACC AGG TGT CCG GAC TAC HVG GGT WTC TAA T,172391771,10442.1,10433,11.01,33.55,350,100.15,335,328210.87354,65.11,
Plate1,P0112072,8434211,10377773,121191246,A05,806rcbc4,TGG TCA ACG ATA CCG GAC TAC HVG GGT WTC TAA T,172391772,10465.4,10457,12.09,36.45,381,100.14,364,331710.87354,63.68,
Plate1,P0112072,8434211,10377773,121191247,A06,806rcbc5,ATC GCA CAG TAA CCG GAC TAC HVG GGT WTC TAA T,172391773,10434.9,10426,8.68,26.02,271,100.08,260,333810.87354,63.95,
Plate1,P0112072,8434211,10377773,121191248,A07,806rcbc6,GTC GTG TAG CCT CCG GAC TAC HVG GGT WTC TAA T,172391774,10450.7,10440,10.62,33.06,345,99.88,331,321110.87354,65.18,
Plate1,P0112072,8434211,10377773,121191249,A08,806rcbc7,AGC GGA GGT TAG CCG GAC TAC HVG GGT WTC TAA T,172391775,10546.9,10538,9.94,29.67,313,99.9,297,335010.87354,66.46,
Plate1,P0112072,8434211,10377773,121191250,A09,806rcbc8,ATC CTT TGG TTC CCG GAC TAC HVG GGT WTC TAA T,172391776,10398.6,10390,10.67,33.76,351,99.88,338,316010.87354,64.09,
Plate1,P0112072,8434211,10377773,121191251,A10,806rcbc9,TAC AGC GCA TAC CCG GAC TAC HVG GGT WTC TAA T,172391777,10410.4,10402,10.41,31.81,331,100.03,318,327110.87354,65.13,
Plate1,P0112072,8434211,10377773,121191252,A11,806rcbc10,ACC GGT ATG TAC CCG GAC TAC HVG GGT WTC TAA T,172391778,10442.6,10433,10.03,30.47,318,99.9,305,329010.87354,64.78,
Plate1,P0112072,8434211,10377773,121191253,A12,806rcbc11,AAT TGT GTC GGA CCG GAC TAC HVG GGT WTC TAA T,172391779,10496.9,10488,12.02,36.3,381,100,363,331010.87354,64.14,
Plate1,P0112072,8434211,10377773,121191254,B01,806rcbc12,TGC ATA CAC TGG CCG GAC TAC HVG GGT WTC TAA T,172391780,10417.6,10433,11.42,35.3,368,100,353,323510.87354,65.5,
Plate1,P0112072,8434211,10377773,121191255,B02,806rcbc13,AGT CGA ACG AGG CCG GAC TAC HVG GGT WTC TAA T,172391781,10491.1,10507,10.88,32.39,340,99.97,324,336010.87354,66.4,
Plate1,P0112072,8434211,10377773,121191256,B03,806rcbc14,ACC AGT GAC TCA CCG GAC TAC HVG GGT WTC TAA T,172391782,10386.3,10402,9.33,28.46,296,99.86,285,327810.87354,64.98,
Plate1,P0112072,8434211,10377773,121191257,B04,806rcbc15,GAA TAC CAA GTC CCG GAC TAC HVG GGT WTC TAA T,172391783,10425.4,10426,9.94,29.79,311,99.97,298,333710.87354,62.72,
Plate1,P0112072,8434211,10377773,121191258,B05,806rcbc16,GTA GAT CGT GTA CCG GAC TAC HVG GGT WTC TAA T,172391784,10488.1,10488,10.71,32.04,336,100.13,320,334110.87354,62.21,
Plate1,P0112072,8434211,10377773,121191259,B06,806rcbc17,TAA CGT GTG TGC CCG GAC TAC HVG GGT WTC TAA T,172391785,10474.7,10464,10.33,31.85,333,99.84,319,324310.87354,65.46,
Plate1,P0112072,8434211,10377773,121191260,B07,806rcbc18,CAT TAT GGC GTG CCG GAC TAC HVG GGT WTC TAA T,172391786,10448.1,10464,10.19,31.49,329,99.97,315,323610.87354,64.8,
Plate1,P0112072,8434211,10377773,121191261,B08,806rcbc19,CCA ATA CGC CTG CCG GAC TAC HVG GGT WTC TAA T,172391787,10377.5,10378,11.25,35.23,366,100.09,352,319210.87354,65.92,
Plate1,P0112072,8434211,10377773,121191262,B09,806rcbc20,GAT CTG CGA TCC CCG GAC TAC HVG GGT WTC TAA T,172391788,10409.8,10409,12.02,37.46,390,99.89,375,320710.87354,65.38,
Plate1,P0112072,8434211,10377773,121191263,B10,806rcbc21,CAG CTC ATC AGC CCG GAC TAC HVG GGT WTC TAA T,172391789,10362.1,10378,9.88,30.85,320,99.84,309,320410.87354,65.67,
Plate1,P0112072,8434211,10377773,121191264,B11,806rcbc22,CAA ACA ACA GCT CCG GAC TAC HVG GGT WTC TAA T,172391790,10379.2,10395,11.01,33.34,347,100.12,333,330210.87354,63.45,
Plate1,P0112072,8434211,10377773,121191265,B12,806rcbc23,GCA ACA CCA TCC CCG GAC TAC HVG GGT WTC TAA T,172391791,10357.7,10347,11.68,36.27,375,99.92,363,321910.87354,66.04,
Plate1,P0112072,8434211,10377773,121191266,C01,806rcbc24,GCG ATA TAT CGC CCG GAC TAC HVG GGT WTC TAA T,172391792,10442.4,10433,8.66,26.44,276,100.15,264,327710.87354,64.06,
Plate1,P0112072,8434211,10377773,121191267,C02,806rcbc25,CGA GCA ATC CTA CCG GAC TAC HVG GGT WTC TAA T,172391793,10411.4,10402,10.71,32.81,341,100.03,328,326410.87354,64.02,
Plate1,P0112072,8434211,10377773,121191268,C03,806rcbc26,AGT CGT GCA CAT CCG GAC TAC HVG GGT WTC TAA T,172391794,10442.3,10433,9.74,29.73,310,100.1,297,327610.87354,65.34,
Plate1,P0112072,8434211,10377773,121191269,C04,806rcbc27,GTA TCT GCG CGT CCG GAC TAC HVG GGT WTC TAA T,172391795,10448.4,10440,11.66,36.43,380,100.08,364,319910.87354,65.53,
Plate1,P0112072,8434211,10377773,121191270,C05,806rcbc28,CGA GGG AAA GTC CCG GAC TAC HVG GGT WTC TAA T,172391796,10516,10507,11.18,33.38,351,99.94,334,334810.87354,65.33,
Plate1,P0112072,8434211,10377773,121191271,C06,806rcbc29,CAA ATT CGG GAT CCG GAC TAC HVG GGT WTC TAA T,172391797,10466.5,10457,9.83,29.75,311,99.83,298,330410.87354,63.16,
Plate1,P0112072,8434211,10377773,121191272,C07,806rcbc30,AGA TTG ACC AAC CCG GAC TAC HVG GGT WTC TAA T,172391798,10435.9,10426,10.21,30.68,320,99.93,307,332810.87354,64.01,
Plate1,P0112072,8434211,10377773,121191273,C08,806rcbc31,AGT TAC GAG CTA CCG GAC TAC HVG GGT WTC TAA T,172391799,10467.4,10457,11.41,34.23,358,100.09,342,333210.87354,63.33,
Plate1,P0112072,8434211,10377773,121191274,C09,806rcbc32,GCA TAT GCA CTG CCG GAC TAC HVG GGT WTC TAA T,172391800,10442.3,10433,10.66,32.89,343,99.97,329,323910.87354,64.83,
Plate1,P0112072,8434211,10377773,121191275,C10,806rcbc33,CAA CTC CCG TGA CCG GAC TAC HVG GGT WTC TAA T,172391801,10387.1,10378,10.93,34.1,354,100,341,320410.87354,65.51,
Plate1,P0112072,8434211,10377773,121191276,C11,806rcbc34,TTG CGT TAG CAG CCG GAC TAC HVG GGT WTC TAA T,172391802,10472.1,10464,11.43,35.36,370,99.89,354,323110.87354,65.77,
Plate1,P0112072,8434211,10377773,121191277,C12,806rcbc35,TAC GAG CCC TAA CCG GAC TAC HVG GGT WTC TAA T,172391803,10386.4,10402,9.59,29.37,305,99.9,294,326710.87354,64.7,
Plate1,P0112072,8434211,10377773,121191278,D01,806rcbc36,CAC TAC GCT AGA CCG GAC TAC HVG GGT WTC TAA T,172391804,10412,10402,10.54,32.31,336,100.03,323,326410.87354,63.59,
Plate1,P0112072,8434211,10377773,121191279,D02,806rcbc37,TGC AGT CCT CGA CCG GAC TAC HVG GGT WTC TAA T,172391805,10392.8,10409,10.56,33.01,344,100.03,330,319910.87354,66.31,
Plate1,P0112072,8434211,10377773,121191280,D03,806rcbc38,ACC ATA GCT CCG CCG GAC TAC HVG GGT WTC TAA T,172391806,10387.8,10378,9.04,28.09,291,99.96,281,322010.87354,66.5,
Plate1,P0112072,8434211,10377773,121191281,D04,806rcbc39,TCG ACA TCT CTT CCG GAC TAC HVG GGT WTC TAA T,172391807,10369,10359,11.81,37.33,387,100.08,373,316510.87354,63.36,
Plate1,P0112072,8434211,10377773,121191282,D05,806rcbc40,GAA CAC TTT GGA CCG GAC TAC HVG GGT WTC TAA T,172391808,10441.5,10457,10.98,33.33,348,100.09,333,329310.87354,63.18,
Plate1,P0112072,8434211,10377773,121191283,D06,806rcbc41,GAG CCA TCT GTA CCG GAC TAC HVG GGT WTC TAA T,172391809,10444.5,10433,11.48,35.14,367,100.11,351,326710.87354,63.93,
Plate1,P0112072,8434211,10377773,121191284,D07,806rcbc42,TTG GGT ACA CGT CCG GAC TAC HVG GGT WTC TAA T,172391810,10473.7,10464,9.65,29.66,310,99.87,297,325310.87354,65.08,
Plate1,P0112072,8434211,10377773,121191285,D08,806rcbc43,AAG GCG CTC CTT CCG GAC TAC HVG GGT WTC TAA T,172391811,10392.9,10409,9.17,28.78,300,99.93,288,318610.87354,66.76,
Plate1,P0112072,8434211,10377773,121191286,D09,806rcbc44,TAA TAC GGA TCG CCG GAC TAC HVG GGT WTC TAA T,172391812,10457.2,10457,10.48,31.54,330,100.13,315,332110.87354,63.56,
Plate1,P0112072,8434211,10377773,121191287,D10,806rcbc45,TCG GAA TTA GAC CCG GAC TAC HVG GGT WTC TAA T,172391813,10464.8,10457,10.98,33.08,346,99.94,331,331910.87354,63.48,
Plate1,P0112072,8434211,10377773,121191288,D11,806rcbc46,TGT GAA TTC GGA CCG GAC TAC HVG GGT WTC TAA T,172391814,10473,10488,10.56,32.06,336,99.88,321,329510.87354,63.98,
Plate1,P0112072,8434211,10377773,121191289,D12,806rcbc47,CAT TCG TGG CGT CCG GAC TAC HVG GGT WTC TAA T,172391815,10439.1,10440,10.62,33.27,347,99.91,333,319210.87354,65.87,
Plate1,P0112072,8434211,10377773,121191290,E01,806rcbc48,TAC TAC GTG GCC CCG GAC TAC HVG GGT WTC TAA T,172391816,10418.4,10409,9.58,29.91,311,100.03,299,320310.87354,66.15,
Plate1,P0112072,8434211,10377773,121191291,E02,806rcbc49,GGC CAG TTC CTA CCG GAC TAC HVG GGT WTC TAA T,172391817,10419.4,10409,9.78,30.49,317,99.97,305,320710.87354,65.42,
Plate1,P0112072,8434211,10377773,121191292,E03,806rcbc50,GAT GTT CGC TAG CCG GAC TAC HVG GGT WTC TAA T,172391818,10473.7,10464,9.56,29.44,308,100.14,294,324710.87354,64.26,
Plate1,P0112072,8434211,10377773,121191293,E04,806rcbc51,CTA TCT CCT GTC CCG GAC TAC HVG GGT WTC TAA T,172391819,10343.8,10335,9.42,30.25,313,100.17,302,311410.87354,63.41,
Plate1,P0112072,8434211,10377773,121191294,E05,806rcbc52,ACT CAC AGG AAT CCG GAC TAC HVG GGT WTC TAA T,172391820,10435.2,10426,9.08,27.27,284,99.89,273,333010.87354,63.65,
Plate1,P0112072,8434211,10377773,121191295,E06,806rcbc53,ATG ATG AGC CTC CCG GAC TAC HVG GGT WTC TAA T,172391821,10442,10433,10.94,33.52,350,100.06,335,326410.87354,65.08,
Plate1,P0112072,8434211,10377773,121191296,E07,806rcbc54,GTC GAC AGA GGA CCG GAC TAC HVG GGT WTC TAA T,172391822,10516.3,10507,9.32,27.69,291,99.96,277,336710.87354,65.01,
Plate1,P0112072,8434211,10377773,121191297,E08,806rcbc55,TGT CGC AAA TAG CCG GAC TAC HVG GGT WTC TAA T,172391823,10465.5,10457,8.82,26.73,280,100.11,267,330110.87354,64.27,
Plate1,P0112072,8434211,10377773,121191298,E09,806rcbc56,CAT CCC TCT ACT CCG GAC TAC HVG GGT WTC TAA T,172391824,10312.7,10304,9.83,31.49,324,99.97,315,312210.87354,63.41,
Plate1,P0112072,8434211,10377773,121191299,E10,806rcbc57,TAT ACC GCT GCG CCG GAC TAC HVG GGT WTC TAA T,172391825,10418.1,10409,9.29,29.15,303,100.17,291,318910.87354,66.61,
Plate1,P0112072,8434211,10377773,121191300,E11,806rcbc58,AGT TGA GGC ATT CCG GAC TAC HVG GGT WTC TAA T,172391826,10496.7,10488,10.51,31.75,333,99.84,318,331010.87354,64.13,
Plate1,P0112072,8434211,10377773,121191301,E12,806rcbc59,ACA ATA GAC ACC CCG GAC TAC HVG GGT WTC TAA T,172391827,10403.9,10395,10.54,31.48,327,99.94,315,335010.87354,63.7,
Plate1,P0112072,8434211,10377773,121191302,F01,806rcbc60,CGG TCA ATT GAC CCG GAC TAC HVG GGT WTC TAA T,172391828,10442,10433,9.03,27.75,290,99.82,278,325210.87354,64.47,
Plate1,P0112072,8434211,10377773,121191303,F02,806rcbc61,GTG GAG TCT CAT CCG GAC TAC HVG GGT WTC TAA T,172391829,10473.4,10464,10.04,30.76,322,99.87,308,326510.87354,63.76,
Plate1,P0112072,8434211,10377773,121191304,F03,806rcbc62,GCT CGA AGA TTC CCG GAC TAC HVG GGT WTC TAA T,172391830,10442.5,10433,10.4,31.95,333,100.16,319,325510.87354,64.17,
Plate1,P0112072,8434211,10377773,121191305,F04,806rcbc63,AGG CTT ACG TGT CCG GAC TAC HVG GGT WTC TAA T,172391831,10473.1,10464,10.08,30.94,324,100.13,309,325810.87354,65.08,
Plate1,P0112072,8434211,10377773,121191306,F05,806rcbc64,TCT CTA CCA CTC CCG GAC TAC HVG GGT WTC TAA T,172391832,10312.8,10304,9.27,29.72,306,100.07,297,311910.87354,64.32,
Plate1,P0112072,8434211,10377773,121191307,F06,806rcbc65,ACT TCC AAC TTC CCG GAC TAC HVG GGT WTC TAA T,172391833,10337.3,10328,10.69,33.73,348,100.09,337,316810.87354,63.97,
Plate1,P0112072,8434211,10377773,121191308,F07,806rcbc66,CTC ACC TAG GAA CCG GAC TAC HVG GGT WTC TAA T,172391834,10411,10402,10.51,32.24,335,100.12,322,326010.87354,63.64,
Plate1,P0112072,8434211,10377773,121191309,F08,806rcbc67,GTG TTG TCG TGC CCG GAC TAC HVG GGT WTC TAA T,172391835,10479.4,10471,9.41,29.54,309,100.14,295,318710.87354,66.01,
Plate1,P0112072,8434211,10377773,121191310,F09,806rcbc68,CCA CAG ATC GAT CCG GAC TAC HVG GGT WTC TAA T,172391836,10411,10402,10.42,31.75,330,100.16,317,328210.87354,63.89,
Plate1,P0112072,8434211,10377773,121191311,F10,806rcbc69,TAT CGA CAC AAG CCG GAC TAC HVG GGT WTC TAA T,172391837,10434.7,10426,10.81,32.53,339,100.09,325,332310.87354,63.8,
Plate1,P0112072,8434211,10377773,121191312,F11,806rcbc70,GAT TCC GGC TCA CCG GAC TAC HVG GGT WTC TAA T,172391838,10418.2,10409,9.98,31.18,325,99.94,312,319910.87354,65.61,
Plate1,P0112072,8434211,10377773,121191313,F12,806rcbc71,CGT AAT TGC CGC CCG GAC TAC HVG GGT WTC TAA T,172391839,10418.3,10409,9.75,30.58,318,99.93,306,319010.87354,66.11,
Plate1,P0112072,8434211,10377773,121191314,G01,806rcbc72,GGT GAC TAG TTC CCG GAC TAC HVG GGT WTC TAA T,172391840,10448.3,10464,10.51,32.23,337,100.09,322,326110.87354,63.77,
Plate1,P0112072,8434211,10377773,121191315,G02,806rcbc73,ATG GGT TCC GTC CCG GAC TAC HVG GGT WTC TAA T,172391841,10424.4,10440,9.72,30.28,316,99.93,303,321210.87354,66.59,
Plate1,P0112072,8434211,10377773,121191316,G03,806rcbc74,TAG GCA TGC TTG CCG GAC TAC HVG GGT WTC TAA T,172391842,10448,10464,10.17,31.59,331,99.97,316,321910.87354,65.7,
Plate1,P0112072,8434211,10377773,121191317,G04,806rcbc75,AAC TAG TTC AGG CCG GAC TAC HVG GGT WTC TAA T,172391843,10441.9,10457,9.35,28.18,295,99.93,282,331810.87354,63.78,
Plate1,P0112072,8434211,10377773,121191318,G05,806rcbc76,ATT CTG CCG AAG CCG GAC TAC HVG GGT WTC TAA T,172391844,10431.3,10433,9.06,27.91,291,100.04,279,324610.87354,65.63,
Plate1,P0112072,8434211,10377773,121191319,G06,806rcbc77,AGC ATG TCC CGT CCG GAC TAC HVG GGT WTC TAA T,172391845,10393.1,10409,10.56,32.75,341,99.85,328,322410.87354,66.6,
Plate1,P0112072,8434211,10377773,121191320,G07,806rcbc78,GTA CGA TAT GAC CCG GAC TAC HVG GGT WTC TAA T,172391846,10441.7,10457,10.08,30.17,315,99.9,302,334110.87354,62.33,
Plate1,P0112072,8434211,10377773,121191321,G08,806rcbc79,GTG GTG GTT TCC CCG GAC TAC HVG GGT WTC TAA T,172391847,10469.8,10471,10.26,32.19,337,99.97,322,318710.87354,65.88,
Plate1,P0112072,8434211,10377773,121191322,G09,806rcbc80,TAG TAT GCG CAA CCG GAC TAC HVG GGT WTC TAA T,172391848,10465.7,10457,9.78,29.54,309,100.14,295,331110.87354,63.96,
Plate1,P0112072,8434211,10377773,121191323,G10,806rcbc81,TGC GCT GAA TGT CCG GAC TAC HVG GGT WTC TAA T,172391849,10473.1,10464,10.32,32.02,335,100.06,320,322110.87354,65.65,
Plate1,P0112072,8434211,10377773,121191324,G11,806rcbc82,ATG GCT GTC AGT CCG GAC TAC HVG GGT WTC TAA T,172391850,10448.6,10464,10.59,32.51,340,100.03,325,325610.87354,65.22,
Plate1,P0112072,8434211,10377773,121191325,G12,806rcbc83,GTT CTC TTC TCG CCG GAC TAC HVG GGT WTC TAA T,172391851,10350,10366,10.93,35.34,366,100.11,353,309110.87354,64.05,
Plate1,P0112072,8434211,10377773,121191326,H01,806rcbc84,CGT AAG ATG CCT CCG GAC TAC HVG GGT WTC TAA T,172391852,10417.2,10433,10.66,32.72,341,100.06,327,325610.87354,64.02,
Plate1,P0112072,8434211,10377773,121191327,H02,806rcbc85,GCG TTC TAG CTG CCG GAC TAC HVG GGT WTC TAA T,172391853,10448.5,10440,10.03,31.59,330,99.97,316,317510.87354,65.75,
Plate1,P0112072,8434211,10377773,121191328,H03,806rcbc86,GTT GTT CTG GGA CCG GAC TAC HVG GGT WTC TAA T,172391854,10503.7,10495,9.2,28.47,299,99.89,285,323110.87354,64.35,
Plate1,P0112072,8434211,10377773,121191329,H04,806rcbc87,GGA CTT CCA GCT CCG GAC TAC HVG GGT WTC TAA T,172391855,10418.6,10409,9.13,28.59,298,99.97,286,319310.87354,65.36,
Plate1,P0112072,8434211,10377773,121191330,H05,806rcbc88,CTC ACA ACC GTG CCG GAC TAC HVG GGT WTC TAA T,172391856,10386.4,10378,9.34,29.26,304,99.86,293,319410.87354,65.89,
Plate1,P0112072,8434211,10377773,121191331,H06,806rcbc89,CTG CTA TTC CTC CCG GAC TAC HVG GGT WTC TAA T,172391857,10318.9,10335,10.91,35.22,364,100.06,352,309610.87354,63.89,
Plate1,P0112072,8434211,10377773,121191332,H07,806rcbc90,ATG TCA CCG CTG CCG GAC TAC HVG GGT WTC TAA T,172391858,10417.3,10409,9.85,30.82,321,100.06,308,319610.87354,66.98,
Plate1,P0112072,8434211,10377773,121191333,H08,806rcbc91,TGT AAC GCC GAT CCG GAC TAC HVG GGT WTC TAA T,172391859,10440.6,10433,10.74,32.95,344,99.85,330,325910.87354,65.17,
Plate1,P0112072,8434211,10377773,121191334,H09,806rcbc92,AGC AGA ACA TCT CCG GAC TAC HVG GGT WTC TAA T,172391860,10410.2,10426,10.82,32.51,339,100.03,325,332810.87354,63.77,
Plate1,P0112072,8434211,10377773,121191335,H10,806rcbc93,TGG AGT AGG TGG CCG GAC TAC HVG GGT WTC TAA T,172391861,10579.3,10569,10.47,31.45,332,100.16,314,333110.87354,66.26,
Plate1,P0112072,8434211,10377773,121191336,H11,806rcbc94,TTG GCT CTA TTC CCG GAC TAC HVG GGT WTC TAA T,172391862,10398.6,10390,9.66,30.77,320,99.9,308,314110.87354,63.74,
Plate1,P0112072,8434211,10377773,121191337,H12,806rcbc95,GAT CCC ACG TAC CCG GAC TAC HVG GGT WTC TAA T,172391863,10376.5,10378,10.25,31.65,328,100.16,316,323710.87354,65.19,
Plate2,P0112072,8437052,10377773,121191339,A01,806rcbc96,TAC CGC TTC TTC CCG GAC TAC HVG GGT WTC TAA T,172391864,10335.4,10335,9.82,31.69,327,99.97,317,309910.87354,65.01,
Plate2,P0112072,8437052,10377773,121191340,A02,806rcbc97,TGT GCG ATA ACA CCG GAC TAC HVG GGT WTC TAA T,172391865,10456.8,10457,11.61,35.14,367,100.11,351,330510.87354,64.07,
Plate2,P0112072,8437052,10377773,121191341,A03,806rcbc98,GAT TAT CGA CGA CCG GAC TAC HVG GGT WTC TAA T,172391866,10466.5,10457,11.17,33.51,350,100.03,335,333310.87354,62.51,
Plate2,P0112072,8437052,10377773,121191342,A04,806rcbc99,GCC TAG CCC AAT CCG GAC TAC HVG GGT WTC TAA T,172391867,10376.7,10378,9.24,28.79,299,99.97,288,320910.87354,65.66,
Plate2,P0112072,8437052,10377773,121191343,A05,806rcbc100,GAT GTA TGT GGT CCG GAC TAC HVG GGT WTC TAA T,172391868,10528.9,10519,10.57,31.9,336,100,319,331510.87354,62.69,
Plate2,P0112072,8437052,10377773,121191344,A06,806rcbc101,ACT CCT TGT GTT CCG GAC TAC HVG GGT WTC TAA T,172391869,10414.2,10390,9.11,28.86,300,99.86,289,315610.87354,63.88,
Plate2,P0112072,8437052,10377773,121191345,A07,806rcbc102,GTC ACG GAC ATT CCG GAC TAC HVG GGT WTC TAA T,172391870,10445.7,10433,10.32,31.57,329,99.91,316,326910.87354,64.25,
Plate2,P0112072,8437052,10377773,121191346,A08,806rcbc103,GCG AGC GAA GTA CCG GAC TAC HVG GGT WTC TAA T,172391871,10517.9,10507,10.04,29.94,315,100.13,299,335310.87354,65.49,
Plate2,P0112072,8437052,10377773,121191347,A09,806rcbc104,ATC TAC CGA AGC CCG GAC TAC HVG GGT WTC TAA T,172391872,10416.4,10402,11.23,34.26,356,99.88,343,327810.87354,64.93,
Plate2,P0112072,8437052,10377773,121191348,A10,806rcbc105,ACT TGG TGT AAG CCG GAC TAC HVG GGT WTC TAA T,172391873,10515.8,10488,10.6,32.12,337,100.06,321,330010.87354,64.05,
Plate2,P0112072,8437052,10377773,121191349,A11,806rcbc106,TCT TGG AGG TCA CCG GAC TAC HVG GGT WTC TAA T,172391874,10478.4,10464,11.34,34.95,366,99.86,350,324310.87354,64.9,
Plate2,P0112072,8437052,10377773,121191350,A12,806rcbc107,TCA CCT CCT TGT CCG GAC TAC HVG GGT WTC TAA T,172391875,10344.4,10335,9.98,32.16,332,99.88,322,310510.87354,64.9,
Plate2,P0112072,8437052,10377773,121191351,B01,806rcbc108,GCA CAC CTG ATA CCG GAC TAC HVG GGT WTC TAA T,172391876,10401.1,10402,9.84,30.14,313,100.13,301,326510.87354,64.2,
Plate2,P0112072,8437052,10377773,121191352,B02,806rcbc109,GCG ACA ATT ACA CCG GAC TAC HVG GGT WTC TAA T,172391877,10435.9,10426,9.89,29.8,311,100,298,331910.87354,63.26,
Plate2,P0112072,8437052,10377773,121191353,B03,806rcbc110,TCA TGC TCC ATT CCG GAC TAC HVG GGT WTC TAA T,172391878,10368.9,10359,9.54,30.2,313,100,302,315910.87354,64.02,
Plate2,P0112072,8437052,10377773,121191354,B04,806rcbc111,AGC TGT CAA GCT CCG GAC TAC HVG GGT WTC TAA T,172391879,10445,10433,10.32,31.77,331,99.91,318,324810.87354,65.29,
Plate2,P0112072,8437052,10377773,121191355,B05,806rcbc112,GAG AGC AAC AGA CCG GAC TAC HVG GGT WTC TAA T,172391880,10509.4,10500,11.5,33.69,354,99.97,337,341510.87354,64.11,
Plate2,P0112072,8437052,10377773,121191356,B06,806rcbc113,TAC TCG GGA ACT CCG GAC TAC HVG GGT WTC TAA T,172391881,10431,10433,10.21,31.42,328,100.06,314,324910.87354,64.53,
Plate2,P0112072,8437052,10377773,121191357,B07,806rcbc114,CGT GCT TAG GCT CCG GAC TAC HVG GGT WTC TAA T,172413721,10426.1,10440,7.77,24.48,256,99.92,245,317410.87354,65.52,
Plate2,P0112072,8437052,10377773,121191358,B08,806rcbc115,TAC CGA AGG TAT CCG GAC TAC HVG GGT WTC TAA T,172391883,10444.7,10457,10.66,31.97,334,99.91,320,333310.87354,63.17,
Plate2,P0112072,8437052,10377773,121191359,B09,806rcbc116,CAC TCA TCA TTC CCG GAC TAC HVG GGT WTC TAA T,172391884,10313.6,10328,9.63,30.3,313,100,303,317810.87354,62.87,
Plate2,P0112072,8437052,10377773,121191360,B10,806rcbc117,GTA TTT CGG ACG CCG GAC TAC HVG GGT WTC TAA T,172391885,10449.2,10464,11.62,35.68,373,99.94,357,325510.87354,64.35,
Plate2,P0112072,8437052,10377773,121191361,B11,806rcbc118,TAT CTA TCC TGC CCG GAC TAC HVG GGT WTC TAA T,172391886,10371,10359,9.31,29.37,304,99.9,294,317110.87354,63.2,
Plate2,P0112072,8437052,10377773,121191362,B12,806rcbc119,TTG CCA AGA GTC CCG GAC TAC HVG GGT WTC TAA T,172391887,10418.4,10433,10.48,32.25,336,99.85,323,325110.87354,65.38,
Plate2,P0112072,8437052,10377773,121191363,C01,806rcbc120,AGT AGC GGA AGA CCG GAC TAC HVG GGT WTC TAA T,172391888,10529.8,10531,9.07,26.52,279,100.08,265,342210.87354,64.81,
Plate2,P0112072,8437052,10377773,121191364,C02,806rcbc121,GCA ATT AGG TAC CCG GAC TAC HVG GGT WTC TAA T,172391889,10456.7,10457,10.96,33,345,100,330,332310.87354,62.89,
Plate2,P0112072,8437052,10377773,121191365,C03,806rcbc122,CAT ACC GTG AGT CCG GAC TAC HVG GGT WTC TAA T,172391890,10419,10433,10.07,30.73,321,100.1,307,327810.87354,63.82,
Plate2,P0112072,8437052,10377773,121191366,C04,806rcbc123,ATG TGT GTA GAC CCG GAC TAC HVG GGT WTC TAA T,172391891,10502.9,10488,11.13,33.42,351,100.06,334,333010.87354,63.62,
Plate2,P0112072,8437052,10377773,121191367,C05,806rcbc124,CCT GCG AAG TAT CCG GAC TAC HVG GGT WTC TAA T,172391892,10418.6,10433,9.63,29.59,309,99.97,296,325610.87354,64.02,
Plate2,P0112072,8437052,10377773,121191368,C06,806rcbc125,TTC TCT CGA CAT CCG GAC TAC HVG GGT WTC TAA T,172391893,10372.2,10359,9.04,28.56,296,99.86,286,316510.87354,63.36,
Plate2,P0112072,8437052,10377773,121191369,C07,806rcbc126,GCT CTC CGT AGA CCG GAC TAC HVG GGT WTC TAA T,172391894,10420.4,10409,10,31.14,324,100.13,311,321110.87354,64.91,
Plate2,P0112072,8437052,10377773,121191370,C08,806rcbc127,GTT AAG CTG ACC CCG GAC TAC HVG GGT WTC TAA T,172391895,10432.6,10433,10.95,33.66,351,99.88,337,325310.87354,64.24,
Plate2,P0112072,8437052,10377773,121191371,C09,806rcbc128,ATG CCA TGC CGT CCG GAC TAC HVG GGT WTC TAA T,172391896,10418.1,10409,10.59,33.05,344,100.15,330,320610.87354,67.12,
Plate2,P0112072,8437052,10377773,121191372,C10,806rcbc129,GAC ATT GTC ACG CCG GAC TAC HVG GGT WTC TAA T,172391897,10418.7,10433,11.7,35.91,375,100.03,359,325710.87354,64.63,
Plate2,P0112072,8437052,10377773,121191373,C11,806rcbc130,GCC AAC AAC CAT CCG GAC TAC HVG GGT WTC TAA T,172391898,10370.5,10371,8.83,27.03,280,100.11,270,326710.87354,64.86,
Plate2,P0112072,8437052,10377773,121191374,C12,806rcbc131,ATC AGT ACT AGG CCG GAC TAC HVG GGT WTC TAA T,172391899,10457.8,10457,10.24,30.68,321,99.93,307,333810.87354,63.24,
Plate2,P0112072,8437052,10377773,121191375,D01,806rcbc132,TCC TCG AGC GAT CCG GAC TAC HVG GGT WTC TAA T,172391900,10408.5,10409,10.5,32.74,341,100.12,327,320710.87354,66.02,
Plate2,P0112072,8437052,10377773,121191376,D02,806rcbc133,ACC CAA GCG TTA CCG GAC TAC HVG GGT WTC TAA T,172391901,10402,10402,11.08,33.82,352,100.06,338,327610.87354,65.43,
Plate2,P0112072,8437052,10377773,121191377,D03,806rcbc134,TGC AGC AAG ATT CCG GAC TAC HVG GGT WTC TAA T,172391902,10467.3,10457,10.31,31.3,327,100,313,329510.87354,64.36,
Plate2,P0112072,8437052,10377773,121191378,D04,806rcbc135,AGC AAC ATT GCA CCG GAC TAC HVG GGT WTC TAA T,172391903,10435.1,10426,10.8,32.65,340,100.15,326,330810.87354,64.79,
Plate2,P0112072,8437052,10377773,121191379,D05,806rcbc136,GAT GTG GTG TTA CCG GAC TAC HVG GGT WTC TAA T,172391904,10530.7,10519,10.6,32.06,337,99.88,321,330510.87354,62.92,
Plate2,P0112072,8437052,10377773,121191380,D06,806rcbc137,CAG AAA TGT GTC CCG GAC TAC HVG GGT WTC TAA T,172391905,10464.4,10457,10.41,31.45,329,100.16,314,331010.87354,63.1,
Plate2,P0112072,8437052,10377773,121191381,D07,806rcbc138,GTA GAG GTA GAG CCG GAC TAC HVG GGT WTC TAA T,172391906,10548.3,10562,11.46,33.45,353,99.85,335,342710.87354,63.3,
Plate2,P0112072,8437052,10377773,121191382,D08,806rcbc139,CGT GAT CCG CTA CCG GAC TAC HVG GGT WTC TAA T,172391907,10397.5,10409,11.08,34.58,360,99.94,346,320410.87354,65.3,
Plate2,P0112072,8437052,10377773,121191383,D09,806rcbc140,GGT TAT TTG GCG CCG GAC TAC HVG GGT WTC TAA T,172391908,10518.2,10495,9.91,30.73,322,100.1,307,322510.87354,64.96,
Plate2,P0112072,8437052,10377773,121191384,D10,806rcbc141,GGA TCG TAA TAC CCG GAC TAC HVG GGT WTC TAA T,172391909,10458.2,10457,10.3,30.85,323,100.16,308,333910.87354,62.4,
Plate2,P0112072,8437052,10377773,121191385,D11,806rcbc142,GCA TAG CAT CAA CCG GAC TAC HVG GGT WTC TAA T,172391910,10424.2,10426,9.45,28.42,296,100.07,284,332310.87354,63.29,
Plate2,P0112072,8437052,10377773,121191386,D12,806rcbc143,GTG TTA GAT GTG CCG GAC TAC HVG GGT WTC TAA T,172391911,10521,10519,11.88,35.97,378,99.92,360,330310.87354,63.04,
Plate2,P0112072,8437052,10377773,121191387,E01,806rcbc144,TTA GAG CCA TGC CCG GAC TAC HVG GGT WTC TAA T,172391912,10432.8,10433,12.7,39.02,407,100.05,390,325310.87354,65.32,
Plate2,P0112072,8437052,10377773,121191388,E02,806rcbc145,TGA ACC CTA TGG CCG GAC TAC HVG GGT WTC TAA T,172391913,10417.8,10433,10.34,31.89,333,99.97,319,324110.87354,65.2,
Plate2,P0112072,8437052,10377773,121191389,E03,806rcbc146,AGA GTC TTG CCA CCG GAC TAC HVG GGT WTC TAA T,172391914,10433.7,10433,8.87,27.19,284,99.96,272,326210.87354,65.18,
Plate2,P0112072,8437052,10377773,121191390,E04,806rcbc147,ACA ACA CTC CGA CCG GAC TAC HVG GGT WTC TAA T,172391915,10395.1,10371,9.19,28.02,291,100.07,280,327810.87354,65.18,
Plate2,P0112072,8437052,10377773,121191391,E05,806rcbc148,CGA TGC TGT TGA CCG GAC TAC HVG GGT WTC TAA T,172391916,10461.8,10464,11.62,35.98,376,99.94,360,322810.87354,64.51,
Plate2,P0112072,8437052,10377773,121191392,E06,806rcbc149,ACG ACT GCA TAA CCG GAC TAC HVG GGT WTC TAA T,172391917,10427.5,10426,9.31,28.06,293,99.86,281,332010.87354,63.95,
Plate2,P0112072,8437052,10377773,121191393,E07,806rcbc150,ACG CGA ACT AAT CCG GAC TAC HVG GGT WTC TAA T,172391918,10449.1,10426,11.84,35.64,372,100.11,356,332210.87354,63.89,
Plate2,P0112072,8437052,10377773,121191394,E08,806rcbc151,AGC TAT GTA TGG CCG GAC TAC HVG GGT WTC TAA T,172391919,10499.9,10488,11.18,33.74,354,100.12,337,331210.87354,63.76,
Plate2,P0112072,8437052,10377773,121191395,E09,806rcbc152,ACG GGT CAT CAT CCG GAC TAC HVG GGT WTC TAA T,172391920,10433.2,10433,10.82,32.97,344,99.91,330,328210.87354,65.08,
Plate2,P0112072,8437052,10377773,121191396,E10,806rcbc153,GAA ACA TCC CAC CCG GAC TAC HVG GGT WTC TAA T,172391921,10396,10371,9.93,30.3,314,100,303,327710.87354,64.47,
Plate2,P0112072,8437052,10377773,121191397,E11,806rcbc154,CGT ACT CTC GAG CCG GAC TAC HVG GGT WTC TAA T,172391922,10433.6,10409,11.41,35.63,371,100.08,356,320410.87354,64.9,
Plate2,P0112072,8437052,10377773,121191398,E12,806rcbc155,TCA GTT CTC GTT CCG GAC TAC HVG GGT WTC TAA T,172391923,10389.3,10390,11.59,36.63,381,100.08,366,316510.87354,63.59,
Plate2,P0112072,8437052,10377773,121191399,F01,806rcbc156,TCG TGC GTG TTG CCG GAC TAC HVG GGT WTC TAA T,172391924,10484.5,10471,10.89,34.38,360,99.94,344,316910.87354,67.14,
Plate2,P0112072,8437052,10377773,121191400,F02,806rcbc157,GTT ATC GCA TGG CCG GAC TAC HVG GGT WTC TAA T,172391925,10463.8,10464,9.82,30.21,316,100.03,302,324910.87354,64.65,
Plate2,P0112072,8437052,10377773,121191401,F03,806rcbc158,GAT CAC GAG AGG CCG GAC TAC HVG GGT WTC TAA T,172391926,10505.9,10507,11.02,32.82,345,100.06,328,335910.87354,65.25,
Plate2,P0112072,8437052,10377773,121191402,F04,806rcbc159,GTA AAT TCA GGC CCG GAC TAC HVG GGT WTC TAA T,172391927,10467.5,10457,12.19,36.79,385,99.97,368,331310.87354,63.2,
Plate2,P0112072,8437052,10377773,121191403,F05,806rcbc160,AGT GTT TCG GAC CCG GAC TAC HVG GGT WTC TAA T,172391928,10461.6,10464,11.06,33.9,355,100,339,326210.87354,65.27,
Plate2,P0112072,8437052,10377773,121191404,F06,806rcbc161,ACA CGC GGT TTA CCG GAC TAC HVG GGT WTC TAA T,172391929,10442.2,10433,10.54,32.31,337,100.03,323,326210.87354,65.55,
Plate2,P0112072,8437052,10377773,121191405,F07,806rcbc162,TGG CAA ATC TAG CCG GAC TAC HVG GGT WTC TAA T,172391930,10442.9,10457,10.69,32.5,340,100,325,328910.87354,64.14,
Plate2,P0112072,8437052,10377773,121191406,F08,806rcbc163,CAC CTT ACC TTA CCG GAC TAC HVG GGT WTC TAA T,172391931,10338.3,10328,8.98,28.33,293,100.11,283,317010.87354,62.52,
Plate2,P0112072,8437052,10377773,121191407,F09,806rcbc164,TTA ACC TTC CTG CCG GAC TAC HVG GGT WTC TAA T,172391932,10371.8,10359,10.1,32.14,333,100.12,321,314110.87354,63.98,
Plate2,P0112072,8437052,10377773,121191408,F10,806rcbc165,TGC CGT ATG CCA CCG GAC TAC HVG GGT WTC TAA T,172391933,10409.3,10409,11.21,35.08,365,99.94,351,319510.87354,66.88,
Plate2,P0112072,8437052,10377773,121191409,F11,806rcbc166,CGT GAC AAT AGT CCG GAC TAC HVG GGT WTC TAA T,172391934,10468.2,10457,10.97,32.98,345,99.94,330,332610.87354,62.66,
Plate2,P0112072,8437052,10377773,121191410,F12,806rcbc167,CGC TAC AAC TCG CCG GAC TAC HVG GGT WTC TAA T,172391935,10390.4,10378,10.31,32.35,336,99.85,324,318810.87354,65.63,
Plate2,P0112072,8437052,10377773,121191411,G01,806rcbc168,TTA AGA CAG TCG CCG GAC TAC HVG GGT WTC TAA T,172391936,10441.9,10457,9.98,30.12,315,100.07,301,331510.87354,63.75,
Plate2,P0112072,8437052,10377773,121191412,G02,806rcbc169,TCT GCA CTG AGC CCG GAC TAC HVG GGT WTC TAA T,172391937,10394.8,10409,11.63,36.64,381,100.11,366,317510.87354,66.59,
Plate2,P0112072,8437052,10377773,121191413,G03,806rcbc170,CGC AGA TTA GTA CCG GAC TAC HVG GGT WTC TAA T,172391938,10441.5,10457,12.47,37.47,392,99.92,375,332810.87354,62.56,
Plate2,P0112072,8437052,10377773,121191414,G04,806rcbc171,TGG GTC CCA CAT CCG GAC TAC HVG GGT WTC TAA T,172391939,10420.7,10409,10.43,32.52,339,100.06,325,320710.87354,66.5,
Plate2,P0112072,8437052,10377773,121191415,G05,806rcbc172,CAC TGG TGC ATA CCG GAC TAC HVG GGT WTC TAA T,172391940,10442.9,10433,11.99,36.94,385,100.11,369,324610.87354,64.35,
Plate2,P0112072,8437052,10377773,121191416,G06,806rcbc173,AAC GTA GGC TCT CCG GAC TAC HVG GGT WTC TAA T,172391941,10440.7,10433,11.18,34.26,357,99.88,343,326210.87354,64.81,
Plate2,P0112072,8437052,10377773,121191417,G07,806rcbc174,AGT TGT AGT CCG CCG GAC TAC HVG GGT WTC TAA T,172391942,10449.4,10464,9.78,29.87,313,99.9,299,327410.87354,65.08,
Plate2,P0112072,8437052,10377773,121191418,G08,806rcbc175,TCG TCA AAC CCG CCG GAC TAC HVG GGT WTC TAA T,172391943,10364.6,10378,10.68,33.33,346,100.09,333,320310.87354,66.86,
Plate2,P0112072,8437052,10377773,121191419,G09,806rcbc176,TAA TCG GTG CCA CCG GAC TAC HVG GGT WTC TAA T,172391944,10442.5,10433,10.69,32.84,343,100.12,328,325510.87354,65.32,
Plate2,P0112072,8437052,10377773,121191420,G10,806rcbc177,TTG ATC CGG TAG CCG GAC TAC HVG GGT WTC TAA T,172391945,10449.8,10464,11.25,34.57,362,99.91,346,325310.87354,65.05,
Plate2,P0112072,8437052,10377773,121191421,G11,806rcbc178,CGG GTG TTT GCT CCG GAC TAC HVG GGT WTC TAA T,172391946,10480.4,10471,11.4,36.05,377,99.86,361,316210.87354,65.98,
Plate2,P0112072,8437052,10377773,121191422,G12,806rcbc179,TTG ACC GCG GTT CCG GAC TAC HVG GGT WTC TAA T,172391947,10425.1,10440,11.7,36.76,384,99.89,368,318110.87354,66.86,
Plate2,P0112072,8437052,10377773,121191423,H01,806rcbc180,GTG CAA CCA ATC CCG GAC TAC HVG GGT WTC TAA T,172391948,10418.1,10402,10.59,32.51,338,100.03,325,325910.87354,64.86,
Plate2,P0112072,8437052,10377773,121191424,H02,806rcbc181,GCT TGA GCT TGA CCG GAC TAC HVG GGT WTC TAA T,172391949,10474.7,10464,11.86,36.87,386,99.92,369,321710.87354,64.58,
Plate2,P0112072,8437052,10377773,121191425,H03,806rcbc182,CGC TGT GGA TTA CCG GAC TAC HVG GGT WTC TAA T,172391950,10472.6,10464,11.56,35.72,374,100.06,357,323610.87354,64.29,
Plate2,P0112072,8437052,10377773,121191426,H04,806rcbc183,CTG TCA GTG ACC CCG GAC TAC HVG GGT WTC TAA T,172391951,10423.4,10409,10.48,32.72,341,100.06,327,320410.87354,65.31,
Plate2,P0112072,8437052,10377773,121191427,H05,806rcbc184,ACG ATT CGA GTC CCG GAC TAC HVG GGT WTC TAA T,172391952,10444,10433,10.75,32.72,341,100.06,327,328410.87354,64.89,
Plate2,P0112072,8437052,10377773,121191428,H06,806rcbc185,GGT TCG GTC CAT CCG GAC TAC HVG GGT WTC TAA T,172391953,10455.9,10440,11.34,35.3,369,100,353,321110.87354,65.49,
Plate2,P0112072,8437052,10377773,121191429,H07,806rcbc186,CTG ATC CAT CTT CCG GAC TAC HVG GGT WTC TAA T,172391954,10370.3,10359,10.73,33.93,351,100.09,339,316210.87354,62.59,
Plate2,P0112072,8437052,10377773,121191430,H08,806rcbc187,TAT GTG CCG GCT CCG GAC TAC HVG GGT WTC TAA T,172391955,10451.9,10440,10.82,34.01,355,100.03,340,318110.87354,66.61,
Plate2,P0112072,8437052,10377773,121191431,H09,806rcbc188,TGG TCG CAT CGT CCG GAC TAC HVG GGT WTC TAA T,172391956,10449.5,10440,11.12,34.74,363,100.12,347,319910.87354,66.55,
Plate2,P0112072,8437052,10377773,121191432,H10,806rcbc189,TGT AAG ACT TGG CCG GAC TAC HVG GGT WTC TAA T,172391957,10499,10488,12.4,37.75,396,100.13,377,328510.87354,63.9,
Plate2,P0112072,8437052,10377773,121191433,H11,806rcbc190,CGG ATC TAG TGT CCG GAC TAC HVG GGT WTC TAA T,172391958,10474.5,10464,12.19,37.35,391,100.13,373,326410.87354,63.54,
Plate2,P0112072,8437052,10377773,121191434,H12,806rcbc191,CGA TCT TCG AGC CCG GAC TAC HVG GGT WTC TAA T,172391959,10418.9,10409,10.54,32.95,343,99.85,330,320010.87354,65.33,